6.820228928020018264e-04,3.806172162181942733e-08,1.948412302853709276e-16,8.766203073227197288e-18,8.877602419379102757e-35,-1.299785611701381893e-21,-3.512459153253964687e-34
6.535917734227841749e-04,7.738572287236193120e-11,2.234903395280686934e-16,6.608035084915367962e-18,2.466572997409377464e-34,2.367582926803138595e-26,6.039628606606350243e-35
7.026593293471240179e-04,2.309926138046895005e-08,3.782445572505991660e-11,2.015281178260139467e-12,-2.464170721612461258e-24,-1.113465331377445734e-16,1.742161490120707208e-23
6.603956614417115512e-04,7.636197494041566364e-09,2.986270417481937368e-12,6.141413055067071774e-14,-2.515419228627400649e-26,-3.742580103854415783e-18,-7.680660127338039639e-27
6.605376988460812593e-04,9.128859195262321390e-09,0.000000000000000000e+00,0.000000000000000000e+00,0.000000000000000000e+00,0.000000000000000000e+00,0.000000000000000000e+00
6.530010547777639809e-04,6.301471390584455571e-09,4.802150333056162277e-13,3.498192345252029585e-14,-3.917125021400817622e-27,-2.765520157601682992e-18,2.283301617903224802e-27
6.538984926604176490e-04,3.974588053749158305e-10,8.716573667432836756e-38,2.076098553077881189e-38,-1.543360275303628198e-77,3.825769590479809786e-43,8.830362408326997872e-76
6.667855976002685665e-04,1.725366743256790732e-08,1.457723228408405518e-14,1.303830541454812380e-15,-1.607556571278717509e-30,-1.576031986680905948e-19,-5.452144382657275161e-30
6.649292484229316156e-04,1.422586543731489952e-08,7.461911376992241539e-16,2.278945983068372229e-16,-9.124703139791696520e-32,-2.527358671400184934e-20,2.249087278561675710e-32
6.656194592501362903e-04,1.518299408032858042e-08,8.278252709140473596e-16,2.162087877857073385e-16,-8.907483002243499150e-32,-2.503022784229515785e-20,2.079570896926216390e-32
6.573232238831568271e-04,5.252607316011146062e-12,6.182457127235604598e-15,1.213808466310749958e-15,-3.088744246695943495e-30,-1.583856177636332543e-23,-1.231261325802853988e-30
6.569127921339310960e-04,5.240205625182124381e-09,5.660393623370507734e-14,7.433527370638011765e-16,2.011540428408103643e-30,-4.055729486274558301e-20,4.382255208767346624e-30
6.541214410165983699e-04,6.890510991177373817e-10,2.506074141308489281e-36,4.086243822684842169e-36,1.304390760280120896e-71,1.068603318298350182e-40,-9.191915039982552214e-73
7.090306940599451838e-04,7.556924869903592905e-08,1.340207895905199146e-17,1.253661264591527197e-18,2.961203286351466494e-36,-1.519639193166404328e-22,-4.199749252255129128e-36
6.537185250584513253e-04,9.578451086083494869e-13,7.811354837048424787e-16,1.060736535368421771e-16,5.297269025242337940e-33,-9.286342213315638786e-24,3.007032563062233060e-32
6.400189198771668534e-04,1.442558210697543438e-10,1.188891925418724336e-12,7.427924538535816161e-16,-8.203062484622082671e-30,-8.804807076459501718e-21,2.049272769928910447e-29
6.536035409692470422e-04,1.183357456402931745e-11,1.058651814249345277e-36,3.693803937463657745e-37,1.488077140458465433e-73,8.998123681638134014e-43,1.766669406603087654e-73
6.741291567191519613e-04,2.727275795197469539e-08,1.711495421249723924e-18,7.511347325351735055e-20,-8.012304473653506898e-39,-9.759625000241862220e-24,-2.571229948682447608e-38
6.525050768451073728e-04,9.958372911894074185e-10,2.868901976463325673e-12,8.287825440440322089e-15,-1.237327349786284638e-27,2.140880003699188914e-19,-3.197092055096326695e-28
6.531693888291532218e-04,4.671642555955162997e-11,5.883691585860849176e-12,5.779120408939843525e-14,2.943060132789935596e-26,3.654230268515567835e-19,1.641539483894656369e-26
6.882740648281634576e-04,4.671106860838090716e-08,3.749245563390076239e-16,2.830164333244772485e-17,1.747656585546643035e-33,-3.352876790358692218e-21,2.333433537082822325e-33
6.509769061443702008e-04,1.535330229924621670e-10,1.550838872372095601e-13,8.390600236983377225e-15,1.169284880896761474e-28,-1.013258693218278937e-19,2.791743850184270695e-28
6.549936922459092311e-04,6.387740014136692557e-09,2.815184690177968159e-13,9.226439565280058417e-15,-2.509887310104896868e-28,6.557243531880248090e-19,-3.976369339008836579e-28
6.545095383779983827e-04,1.164984871819519027e-09,1.232519757021551328e-15,3.310403899686250592e-16,-6.609670696764741754e-34,6.640877688957748510e-21,-2.114541926048447051e-31
6.533902062376029541e-04,3.964155735002035189e-10,7.687067631093862856e-16,5.148007592074444544e-17,-1.020816954941147487e-32,-9.058926977519680079e-22,8.184052745897076996e-34
6.536046661740611309e-04,1.379110496596820605e-11,1.893840849821792428e-21,2.068400745701180988e-22,1.294478226258587980e-43,-6.858482213218654630e-30,-1.496480645826363960e-45
6.570026010708009427e-04,4.803417745894268402e-09,3.700267886016679261e-15,3.661747902731068674e-16,-3.176881128913875396e-31,-2.340662259060578573e-20,2.841665931540452603e-31
6.753236331777906064e-04,2.887630642220585051e-08,1.299690888172462156e-36,3.659963494483330156e-37,2.504747923056010215e-73,5.905503025976870324e-41,-3.133020008815310388e-74
6.714913630062678117e-04,2.371493181735969445e-08,1.795738507283638003e-37,8.517543233582910012e-38,9.927253483548048950e-75,6.096098355776627544e-42,3.523445536121260675e-75
6.754782405513098551e-04,2.910476077222898728e-08,7.249892597001561719e-18,4.263339632942069002e-19,4.665620870046792718e-37,-3.566034598679490127e-23,-5.866168625412312173e-37
6.715106172030271305e-04,2.374129374889168797e-08,0.000000000000000000e+00,0.000000000000000000e+00,0.000000000000000000e+00,0.000000000000000000e+00,0.000000000000000000e+00
6.700367095078836989e-04,2.176340523925078665e-08,5.512482283126801975e-36,2.484509321867820496e-36,9.138514510479620591e-72,3.568723904098001801e-40,1.014340633537652326e-72
6.549693697554838639e-04,3.683123854248745162e-10,5.822848507977588438e-13,6.652759826160390416e-15,3.417992215710574491e-28,-4.373266877450986436e-20,2.337192515002661731e-28
6.784310173142480815e-04,3.308347283808947453e-08,8.281014645964726581e-37,7.058244275129793671e-38,4.732007239169662764e-75,-8.843304093170635925e-42,1.639500523308017161e-74
6.831988233106961895e-04,3.958073328927562806e-08,0.000000000000000000e+00,0.000000000000000000e+00,0.000000000000000000e+00,0.000000000000000000e+00,0.000000000000000000e+00
6.608167822297653874e-04,9.753673343559626467e-09,1.254772066552866478e-15,6.346219944281482035e-17,1.379482908616173024e-32,-1.369905939172663215e-21,1.141976318761367698e-32
6.664913640657948307e-04,1.782792611026159951e-08,3.064721652071967158e-15,2.836228350794533743e-16,-2.465798088016415391e-31,3.725978886475932844e-20,-9.550142861187289562e-32
6.541515710258758408e-04,2.525949539559161090e-09,5.603923428184725909e-14,3.280179272591160488e-15,4.278377182369760492e-29,-4.328665099377842441e-20,-1.213921440300158471e-29
6.552974529401940293e-04,6.554199822568148470e-09,5.944357792551102945e-14,4.334009753306060477e-15,-3.760287253230570478e-29,-2.154692972358921108e-19,-5.852551050525122276e-29
6.537379911620511347e-04,1.952044972839406666e-10,0.000000000000000000e+00,0.000000000000000000e+00,0.000000000000000000e+00,0.000000000000000000e+00,0.000000000000000000e+00
6.523208093191109301e-04,9.442599810663765525e-10,2.431985763532314334e-13,6.559710016083420233e-15,2.508484638162965033e-28,-1.051291939882483463e-19,7.563731364640561286e-29
6.497192060041197866e-04,1.652569283445798851e-10,5.124954852741729986e-13,1.462056146914956693e-14,-6.044441249714674203e-28,2.625350522201349742e-20,-1.111913246087483552e-27
6.493302534454179105e-04,2.260668715903018159e-10,6.057180928217220819e-13,1.987426740762135548e-14,-3.221074586174695743e-28,-2.294548361296556119e-19,-2.156658214187294856e-27
6.533773962891646940e-04,1.226107195588121107e-10,4.432525682765889762e-16,8.682624209311246873e-17,-1.177049376907707101e-32,-1.254439502276100232e-22,-1.231232109345926858e-32
6.568873225662731586e-04,4.214691554427730862e-09,4.364953219901421596e-18,5.523781791389474689e-18,-2.605487860739946006e-36,2.767021966489580132e-22,2.699799527174560686e-35
6.646004404801597251e-04,1.450441005357705444e-08,4.737798979932123366e-19,4.714098595046390207e-21,-7.358409887607068208e-41,5.673809590420426426e-25,2.102822366630676404e-40
6.593375189161995806e-04,8.003026764556027953e-09,3.291069373710413348e-15,2.131428851966219748e-16,1.617029694506536140e-31,-6.152119162888023598e-21,-7.562912396157784268e-32
6.539749468366727429e-04,4.983778370527773808e-10,1.250118777461021214e-36,2.350042738074746230e-36,3.913076590888777080e-72,4.938540368441158591e-41,9.553020474681716495e-73
6.792081347231125957e-04,3.399629293101500261e-08,6.618957607360806256e-14,2.966809328841085535e-17,-2.596527371595781193e-32,1.489147346493361724e-22,-3.246938978032205938e-32
6.938578685501733869e-04,5.424017042439694045e-08,1.132484033808890256e-17,7.105880525103172225e-20,7.059107908213969166e-39,1.308013315582901163e-23,6.335245523149417248e-38
6.443660809725114142e-04,6.970159738438046512e-11,3.594509586054022416e-13,2.835043058668153369e-14,2.618230126566171733e-28,8.704532914616714756e-20,-2.849930444400661456e-27
6.597321594798478440e-04,9.904190626105715995e-10,2.229411608310517617e-12,2.825581992493657726e-14,-6.451851849541778084e-27,-3.597099617408382536e-20,-2.944037297840245638e-27
6.644153366924316533e-04,1.426151366019161150e-08,1.921070948331575997e-22,7.629756636358421367e-23,-6.543846221541611261e-45,8.609139693844814775e-27,6.519425775943719036e-45
6.750715530318390344e-04,2.856206047221718601e-08,1.727013609350675350e-15,3.339548091557760894e-17,-5.713475225207171201e-34,-1.265103210739509484e-21,-7.999716382392263105e-33
6.469824183032905993e-04,3.254212275029672598e-09,1.859689104016374667e-12,8.869023181133358472e-14,-3.206793443603727075e-26,-5.035894047543791020e-18,1.640210743008634586e-26
6.608526013386612332e-04,9.544442102883341122e-09,0.000000000000000000e+00,0.000000000000000000e+00,0.000000000000000000e+00,0.000000000000000000e+00,0.000000000000000000e+00
6.609963031410945409e-04,1.873808318814881345e-08,1.445433613429021467e-12,4.036337370433237942e-14,-8.821697418008909856e-27,-5.418123527055361950e-18,-4.150842598797240554e-27
6.646902039513424756e-04,1.446005586771123282e-08,1.143315422591928569e-17,7.973358941674858789e-17,1.321995261771160719e-33,-9.227763917642268458e-21,2.011918609562815194e-33
6.653841802991696756e-04,1.555133417438226151e-08,1.117681927009640144e-20,1.095118973749906038e-21,3.487433017200344091e-42,-3.173826910154347408e-26,1.586506395557826417e-42
6.709834108441878765e-04,2.317442289482523458e-08,2.153874540694060091e-16,1.291902076040167247e-17,2.511354181675876784e-34,1.327605076703824014e-21,6.335212382571469015e-34
6.573055971665338424e-04,4.835714177887644226e-09,3.568196095173067268e-18,4.704514575167759144e-19,-5.176261179139201721e-37,2.997601325450823512e-23,-3.218580231974671925e-37
6.601304882850340255e-04,8.772095855775076273e-09,4.314415580861057861e-16,3.637468971453375152e-17,4.258206814018681074e-33,-8.600169379153976925e-22,1.622374107014737934e-33
6.752209581738946413e-04,3.032997622849208727e-08,6.426114701584210419e-14,2.773574851837057208e-15,-1.855707635359648323e-29,-4.556759258677079525e-19,3.204265606041188423e-29
6.540612855970998410e-04,8.001904163369164918e-12,5.980167575016907603e-15,3.089183154521522001e-16,-2.044839847484063740e-31,-8.699256727463814672e-22,3.667193186826932164e-31
6.615611961781058415e-04,1.807707531811617807e-08,5.325741508108211713e-13,1.072418100238061859e-14,-1.485733771359094441e-28,-1.428264720815107441e-18,7.967342456105782000e-28
6.522472437216902952e-04,1.489352076102548078e-10,5.917317415485244742e-14,3.656092291519063884e-15,5.373445664297331047e-29,-2.452765521128159063e-20,2.112311754489249961e-30
6.656145992073064137e-04,1.609501309404107233e-08,1.545195644717556812e-14,1.373949836701508879e-15,-6.259079422572798272e-30,-1.565768987525100108e-19,9.492143831487843996e-31
6.531671593356210481e-04,2.494284091437845578e-10,7.512744708413464382e-14,3.887776471231041584e-16,1.904365777962825153e-30,-3.311673687472063630e-21,-8.877523067204919587e-31
6.500531073152513491e-04,6.922135003580834992e-10,2.343551953015846654e-13,1.659085075405639067e-14,-1.027335780816144540e-27,-4.362890014965119099e-19,1.217360155312905904e-28
6.545959317241361068e-04,1.712291502741960577e-09,3.515359508401341508e-15,1.637580132959269152e-16,1.191604617184390109e-31,-8.417854321355445894e-22,-3.518949617819365947e-32
6.539266495315606848e-04,3.768879988477025325e-09,6.948418752410599062e-14,5.339573496660151730e-15,-9.437382789522590567e-29,3.180362499323725929e-19,-4.088560163616622022e-29
6.887802811139358966e-04,4.723550523188937567e-08,0.000000000000000000e+00,0.000000000000000000e+00,0.000000000000000000e+00,0.000000000000000000e+00,0.000000000000000000e+00
6.905416641819041648e-04,4.887600130233111653e-08,1.900391139157596634e-14,1.289688554400102365e-15,2.846107649969634831e-30,-2.100342920338573567e-19,5.715384332675395180e-30
6.723476250973252528e-04,2.685471375632672251e-08,6.598572613198879030e-14,3.936290501492150735e-15,4.162291937645288887e-29,-3.636218283242769283e-19,-4.787512824510001601e-29
6.716618770973251541e-04,2.394027534747804763e-08,2.235378864697268242e-21,1.487388542009626817e-20,1.347889130851375058e-41,1.353237187628250140e-24,8.469962643946075915e-41
6.661143169943539288e-04,1.637913024124831988e-08,4.244794520883705721e-15,1.054091504571912660e-16,5.249325754867636039e-32,1.231043441494108362e-20,4.707446889811633982e-32
6.533549738534365648e-04,1.011163826264705531e-11,5.549377070298179161e-16,2.213004664785913742e-17,-2.123361816412964017e-33,6.625250650492289823e-23,1.227077655399439298e-33
6.625944350429720979e-04,1.745141088397761958e-08,1.148236612707484985e-13,1.663151267909956404e-15,4.831274337232873342e-30,1.385623029476542262e-19,2.246982742912718986e-29
6.649974660119229147e-04,1.507052013844603533e-08,9.934119399430707681e-18,8.804449717208918689e-19,-1.297531053331388982e-36,-9.843989618548660633e-23,2.257545581609659644e-36
6.534942041502671273e-04,6.466656302653442367e-11,2.796749770742067628e-16,1.063360157395898108e-17,-5.520831917465634086e-34,8.413871133035045510e-23,-1.774240397370355409e-34
6.678144337009925182e-04,1.814618375181675730e-08,3.493909129463339512e-14,2.282761745810377799e-16,-3.463570330771771219e-31,-3.015183791606242827e-20,5.437406216609579463e-31
6.477581638076517021e-04,2.054177202209533337e-10,6.670551281703857824e-13,3.433363011613323115e-14,-1.301985257315458813e-27,2.950995676432477675e-20,5.030126204685266170e-27
6.580216258571438409e-04,5.382665878096169202e-09,6.182599203692535691e-14,8.388146773021311655e-16,4.513144056667163529e-31,4.373303699212085666e-20,6.023779531366221553e-30
6.566103857454707931e-04,4.269145060594587975e-09,2.268990661785778052e-15,7.631537304206476825e-17,1.771383846501391716e-32,-3.272800602597286825e-21,-2.635722748117835773e-32
6.536089577639530744e-04,1.963555036890233521e-11,1.030088408708319798e-36,1.960178988709301654e-36,2.557604550845989064e-72,-7.935829173682641853e-42,1.103119117690669587e-72
6.536443693554011818e-04,6.592632807729074701e-11,0.000000000000000000e+00,0.000000000000000000e+00,0.000000000000000000e+00,0.000000000000000000e+00,0.000000000000000000e+00
6.536091520998726099e-04,1.990453364412044735e-11,1.055955166529060245e-36,1.999133189459189941e-36,2.686632968889385850e-72,8.168696164641017775e-42,1.103931893556759167e-72
6.536092177665740700e-04,1.999542393451947831e-11,0.000000000000000000e+00,0.000000000000000000e+00,0.000000000000000000e+00,0.000000000000000000e+00,0.000000000000000000e+00
6.567999317662279873e-04,4.607819340507603802e-09,9.823501434849863635e-14,1.033584668480230940e-15,-1.020953051490104288e-29,-6.970200095582821145e-20,-2.057717202659592886e-30
6.629630789783784450e-04,1.815237837484657664e-08,6.029480967353385331e-13,5.995056559915696815e-17,-3.290549938966344204e-31,-1.555514065068598762e-21,1.470984573515997692e-31
6.515847997523253193e-04,2.789123894134555524e-10,1.054720759864384271e-12,9.391652392156916737e-15,-8.049174211878142544e-28,-1.561775371970479963e-19,-4.751950499955893227e-28
6.530066847244102302e-04,1.821862942473139978e-09,3.471775430553927074e-12,3.628624644158428174e-14,-1.274467187430475381e-26,-1.477738062944470202e-18,-1.856643982533657292e-27
6.596390608536591930e-04,4.375186162046382095e-10,1.197689273585037592e-11,7.082901583354700428e-14,-6.257325847011972254e-26,1.287688519732153304e-18,1.844867829488507231e-26
6.514430517755543607e-04,5.118750293337655552e-10,1.357422494565728030e-13,6.931138288976298719e-15,1.142180385026869794e-28,-1.290550176877477969e-19,1.793132176294502119e-28
6.617638177943189169e-04,1.085650776783632544e-08,3.713255468331471194e-17,1.029131605120514853e-18,-4.511813246896208068e-36,-9.506328872498670986e-23,-4.485169378555410743e-36
6.532166591787144086e-04,5.436832135751348654e-09,1.477754883569708100e-12,2.582859380885598878e-14,4.394753248555764886e-27,-1.077127322259582090e-18,2.479689052739087737e-27
6.583242729099724605e-04,8.860965076799310502e-09,7.745053666250978619e-13,5.432810825123825790e-14,1.039816052002641492e-26,-1.873046920893527763e-18,4.008935200094634174e-27
6.517743175237214383e-04,1.249166600452435422e-09,4.486126357450281384e-14,3.551426106621711176e-15,4.267981111977458613e-29,-8.154621726643888484e-21,1.370751495881007063e-29
6.584550370192857049e-04,6.645850948843226845e-09,3.546162354663003361e-13,1.046160339888037525e-15,-7.677692148444652285e-30,5.244731071558552401e-20,-1.863004562732831605e-29
6.435636898677449518e-04,1.206984940159656752e-10,2.134079095716442690e-13,1.674195606270607483e-15,-1.532779778506840262e-31,1.757396851380678539e-21,3.164531756628773541e-29
6.607866392283274007e-04,9.453994142434235977e-09,2.923470742183044535e-20,2.501127697199604700e-22,-4.374057597704182513e-43,-2.431493717555908320e-26,-5.158361481545636577e-43
6.558144747571435437e-04,3.097990957499491848e-09,3.798468974764042000e-16,3.693475040225916818e-17,4.030016611227315199e-33,-4.542647360697381890e-22,-1.702274656516913876e-33
6.633578783261308461e-04,4.579840947220164497e-09,5.596498842425282817e-14,1.040117140159024172e-14,-2.092772753604336588e-28,-7.038939426562312266e-19,-1.384821188550834355e-28
6.667469634664465600e-04,1.728334949549375218e-08,1.432924224651861100e-17,2.335992410314391296e-18,2.066701168678627314e-36,3.052601641743556392e-22,1.335613137681587957e-35
6.527489196269517166e-04,4.229875602260709968e-09,6.450358151313690176e-13,1.686961978420674023e-14,1.190295514786920425e-27,1.015965530755958573e-19,-1.296109837118929003e-27
6.666670217100900166e-04,1.726139962601586905e-08,3.146777782870102359e-17,1.336429405233838159e-18,6.174281133918641511e-36,4.194352478687322496e-23,-6.081887550099069968e-36
6.648824484968972760e-04,1.486568631973191193e-08,2.916927241632903324e-17,2.780636010563548760e-18,-2.212637487600649848e-35,-3.336765293142404029e-22,-1.172834950141354079e-35
6.505707667082117306e-04,2.405893835535980026e-09,6.759616464196194235e-13,2.596970884302498251e-14,-7.120901160959096891e-28,-1.265731089228347822e-18,-3.366326378134410418e-27
6.498127444377198476e-04,3.444605044124802288e-10,1.898293395283847737e-13,1.036131253095600305e-14,3.846786117758645056e-28,2.258936999293720483e-20,-2.513571619827943865e-28
6.553330592201999467e-04,6.372848338973564833e-09,5.239894548286170025e-13,1.261182606170182421e-14,8.988434471711176612e-28,-6.714844872712758412e-19,4.931638038918196994e-28
6.535990623778189894e-04,1.133177580940720563e-11,7.434084432223217514e-19,1.029583670419317338e-19,-1.102196959028526721e-38,-1.263166613877819234e-25,-2.626545273617059735e-38
6.584104304141810823e-04,7.702575886162461172e-09,5.010896096239660821e-14,6.862395088201486416e-16,2.096041034133145139e-30,1.425037124690489942e-20,-3.435139017554248508e-30
6.604041214716962691e-04,6.422052217594157732e-09,3.592554997444220295e-15,2.437308212384268272e-15,-6.759994515044271010e-30,-1.947282586795983896e-19,2.513605795450897567e-30
6.631115933656284156e-04,8.341352825016550662e-09,5.087607064361287936e-12,1.124116473923757895e-13,-7.727564890643103111e-26,-1.008108723845098997e-17,3.543019098400473607e-26
6.640418980272601735e-04,1.137948845369649302e-08,4.569871076429972312e-14,2.228075986085717587e-15,-2.236059304831583388e-29,-2.341129545118395990e-19,-2.339273123048177278e-30
6.770970360307708002e-04,1.025169645692481837e-08,4.365554724653069338e-13,2.965078940881894276e-14,-3.324284310606515985e-27,-2.997865920489644022e-18,5.738378515269274526e-28
6.626379854289870999e-04,2.778303437819696488e-09,2.454081836760385251e-12,4.648379197226452776e-14,-1.082865079710175537e-26,-1.997788913851245616e-18,-1.136781131053413080e-26
6.646990756490726588e-04,1.299509130699890839e-08,2.484303911015514216e-14,4.927714358718897543e-16,1.186567372650294704e-30,-4.118472536382106167e-21,-1.250876053980452988e-30
6.650978467055096519e-04,6.905035931806184267e-09,2.587185556674840513e-12,4.418011104601734240e-14,-1.476894402203501292e-26,-3.666587451096099816e-18,2.232177517416011281e-27
6.765086659917728335e-04,8.814123592957338014e-09,6.600647774562882786e-12,2.238742323578659087e-13,-9.167056502980959250e-26,-1.089371297432631140e-17,2.562403094039736658e-25
6.649395838604116489e-04,5.489734038703049487e-10,9.088839420406395392e-12,1.813692247224226884e-13,-8.977148627120679718e-26,-1.747324193450248746e-18,2.148628347125480193e-25
6.712847815441794902e-04,1.012506871793625856e-08,1.176094937972980817e-12,5.116116005567385134e-14,9.282074167125927298e-27,-1.010306481657905466e-18,-8.446118882861251275e-27
6.696390145316676208e-04,1.836422848439520788e-08,2.840673158198855957e-12,8.742645143427049166e-14,-4.182776709843979425e-26,-1.182294728798358261e-17,1.219312176727414772e-26
6.714678243556130958e-04,1.808079247756170343e-08,2.061459655019473909e-12,5.312495695771383918e-14,-1.719457354257979991e-26,-7.106492816748165076e-18,-3.664209876717573061e-27
6.576180458518128026e-04,3.891768399723907791e-09,6.460303203790772368e-15,3.918509227546258397e-16,-4.255781267771612492e-31,-1.670118226205419105e-20,-4.556140220263299113e-31
6.737777996179423589e-04,1.841014433133895388e-08,8.857922648773250559e-13,5.069984867313376405e-14,-5.182842479954228471e-27,4.865277791626201164e-18,-9.411533467611805613e-27
6.580432123536381203e-04,1.032379104580254384e-09,8.033348829762874083e-12,1.162712942730699201e-13,-5.906330722776162156e-26,-1.733788623335540216e-18,-9.559776040210557201e-26
6.594147142232363113e-04,1.187072204323862688e-09,6.766354626401892198e-12,1.679666896164558207e-13,-1.279347818614531360e-25,-4.839579867545065347e-19,1.252883665100789024e-25
6.750689540305861071e-04,2.803387013332816704e-08,6.980186276736650386e-13,2.270574622562244922e-14,-2.774177988603375323e-27,-3.672064837387688181e-18,6.891446312539205718e-28
6.704965229495530449e-04,1.909668616871878682e-08,2.838466651838212876e-14,4.524788437012370754e-16,1.003749998723244052e-30,2.515970122318223606e-21,1.273585084681733032e-30
6.774526427143536802e-04,2.740093885400791789e-08,1.161413482223985366e-12,3.263256423159502894e-14,-4.160044868183339526e-27,-5.012744415146435719e-18,-4.801357441374028143e-27
6.728064314086973623e-04,1.789043515179820360e-08,5.261581608824404752e-14,3.207413250409280754e-15,-4.145757680501078296e-29,-4.280965608991083386e-19,-4.170687375409985975e-30
6.575409748412552142e-04,9.409186954501418575e-09,3.237824501418329805e-12,3.419540923529714751e-14,-4.246539487981261131e-28,3.047213857482730206e-18,-1.137039861328135674e-26
6.652380622176502648e-04,1.520671596735704816e-08,1.926030108613543275e-17,1.243383455609540762e-17,-1.259386349598883742e-34,1.329944904990787065e-21,-1.454751969614197533e-34
6.537111372413316511e-04,1.829184473844536698e-09,1.811011579987708530e-13,2.354512110351403699e-15,-3.087285837014200376e-29,-9.977375218829946341e-20,-3.755980462720307471e-29
6.571404609094686454e-04,4.880589510861469406e-09,2.273445134325021701e-12,3.438829422071731453e-14,-9.585415509389058969e-27,-2.306277241904788875e-18,-7.561905294091035516e-28
6.598245095267311813e-04,1.010748526576267842e-08,1.992099592506696579e-12,6.164667888617320843e-14,-1.439663156897709110e-26,-5.374103209169128967e-18,1.610712484573213905e-26
6.764668663569294721e-04,1.678258894032250229e-08,6.376924556222880612e-12,2.218283124444666512e-13,-1.696677375787929451e-25,-1.924843241129181496e-17,-2.020429349611595091e-25
6.737036559685533445e-04,2.244194261805925358e-08,4.897608071379855428e-13,1.594040905334143492e-14,4.569333871769888365e-28,-5.834711462046260589e-19,-1.332269193725723279e-27
6.729275676393535206e-04,1.058915238280681142e-08,1.455031413359210797e-11,4.074834078573080009e-13,-9.811539680178922268e-25,-3.979582007801717409e-17,-1.476690476914379838e-25
6.802118914794711996e-04,2.669911361649106266e-08,9.539116638608634397e-13,9.189513629937826404e-14,-2.305817156887926524e-28,-3.746975002406414846e-18,-2.720678797822540211e-26
6.578844210674728455e-04,6.134260004530770830e-09,1.763381198649454167e-12,3.245928175998477621e-14,-7.694449162519976666e-27,-2.538681751109261569e-18,-1.049659632689643464e-27
6.727616419577484800e-04,2.490618156409649994e-08,1.743872890767519294e-12,5.275452863697477641e-14,-1.293637391060744250e-26,-7.765903438698321875e-18,9.417118619499524176e-27
6.627532447583195981e-04,6.589582378266280887e-09,4.652502029624058117e-14,9.276213538299072975e-16,-4.432111056124383914e-30,-5.397343563151541482e-20,4.182428076349564398e-30
6.650823416256489932e-04,5.908571208401083669e-09,6.493528592441621500e-12,1.743417936344147802e-13,-1.192840355137833160e-25,-9.019415041594786960e-18,-1.420611399863500902e-25
6.646208996440501095e-04,1.298415124620986512e-08,9.775775072392697788e-13,1.845516698001614347e-14,-1.821512883473885029e-27,-1.831551141203642607e-18,1.681325019405410545e-27
6.621327397450426288e-04,4.214486916260220417e-09,1.315638227851026798e-11,2.086595518202663316e-13,-3.456298009890534657e-25,-1.354073349013793264e-17,-7.936512292623365048e-27
6.825820774539507422e-04,2.298561819652503630e-08,5.452575733503208420e-12,2.157468403890349247e-13,-2.267393153769150193e-25,-3.181087320607579216e-17,-5.784204334504395593e-26
6.710603561510892134e-04,2.034148550985632109e-08,7.329203769530019873e-13,2.691888753029624915e-14,8.335114047842335946e-28,-2.006859196738639217e-18,-3.688049049230948835e-27
6.627281261131340567e-04,6.072843761166345022e-09,1.511801287821041616e-12,2.609325801530926530e-14,-3.348570832079834556e-27,-1.789825032574493860e-18,3.955432015920596782e-27
6.753705050143159628e-04,2.707964335307278697e-08,4.651982532026541026e-12,1.363181932440277568e-13,-1.061644573738417149e-25,-2.213706578691737921e-17,2.265596278530893521e-26
6.805900745752333728e-04,2.280266102925336833e-08,4.357037482121791559e-12,1.042738583637623993e-13,-7.002710977612772898e-26,-1.561668928919446214e-17,-6.008149820663230407e-27
6.711974998235618840e-04,5.092059293138541033e-11,1.448544977323848911e-11,2.507477532249201589e-13,-3.221437802956681462e-25,-1.729075339718180408e-18,3.529809232159391517e-25
6.819523801152937255e-04,2.373882951246390314e-08,7.361487867582097463e-12,2.100355593801992300e-13,-1.739043103528103400e-25,-3.099614146139624884e-17,1.948503733915959388e-25
6.616133461348524657e-04,2.680511043738202236e-10,6.541124624155403101e-12,7.118058791950862250e-14,-4.672714229996799379e-26,7.022108256486956527e-19,1.325232500939695108e-26
6.703151458060084295e-04,1.400994606873475039e-08,1.856519388336728379e-13,9.881677454779610934e-15,1.203287768393953633e-28,7.123055251286337999e-19,-4.057838696217407761e-28
6.536696663965069383e-04,4.064565730248624394e-09,5.256325003151441833e-13,7.924866765113403016e-15,-5.063972728821683696e-28,-4.968939717941550474e-19,-7.193106221499995382e-29
6.712184436524676378e-04,3.119151913661034758e-09,5.365018141191962568e-12,1.772325503982269319e-13,1.418262484686675622e-26,-5.375270771367826265e-18,-1.722397880694726420e-25
6.632957483252805916e-04,1.369621741396117308e-08,2.061058109329378973e-12,4.364715672555116650e-14,-1.288161158665512603e-26,-3.909173725059772745e-18,2.333084367445815944e-27
6.778675356663784075e-04,1.206945222584044964e-08,9.157392472341387222e-13,5.941302311844643097e-14,1.108990838252422698e-26,-2.458207844053949222e-18,8.310536942476430548e-27
6.781691638525747965e-04,2.870101554359058858e-08,1.621632005428340631e-12,3.487156060481557031e-14,-8.066570496758198736e-27,-5.796051623048829820e-18,1.922312112940354340e-27
6.656216819341908945e-04,1.224015280325593492e-08,2.053005734258408746e-12,6.711835708178009424e-14,-6.489175414642556617e-27,-5.102858697717103097e-18,-2.405487198853136263e-26
7.072972456912878046e-04,6.823706921075851592e-08,7.388242369357748473e-14,1.532269347059555751e-15,4.371874784382387214e-30,-1.227550564227306270e-19,1.570609778415340473e-29
6.548888201066074702e-04,8.691457426005388917e-10,2.777869624808036282e-12,2.531906063515954155e-14,-6.561562096629588840e-27,-4.368023495527890010e-19,-1.425918659440284708e-27
6.666207612103772131e-04,6.933248189947512724e-09,1.439662551889961898e-12,2.671704015963280254e-14,9.165124344933234860e-28,-2.089431953029181380e-18,5.158999529885099020e-27
6.882839969606832078e-04,4.837655775793159748e-08,4.223343566037883885e-12,1.592048818526188061e-13,-1.201560000723511929e-25,-2.933222680756436725e-17,-5.103657128891982053e-26
6.546005948685150976e-04,1.584569642502373477e-11,1.463991876983222849e-12,3.275525660777368731e-14,2.400767945755642680e-27,1.010730648294397404e-19,-6.759132760477777813e-27
6.729956593510538071e-04,2.306202974417817417e-08,6.602077551844141747e-14,2.914766097312818042e-16,-7.604448617146337525e-31,-3.692618721114041653e-20,1.027923005579872290e-30
6.696973908720116461e-04,5.805688898965838220e-10,3.535815262794492721e-12,1.947713809497272042e-13,1.241896334343318456e-25,3.363104006028957495e-18,1.034526855498938892e-25
6.914760782245724406e-04,4.929073771294749274e-08,3.456646088834631262e-12,1.501671005207540662e-13,-8.731268266594886432e-26,-2.830625449850783571e-17,-6.388824572519658284e-26
6.704071455316598909e-04,2.135555444633649701e-08,2.377667374487069265e-12,6.536753692077277932e-14,-2.227754934980632035e-26,-9.259936861914665575e-18,1.295441555616455895e-26
6.738835467718577287e-04,1.713153483873637650e-08,1.334127283165431964e-12,4.633130886258388321e-14,1.040796233815264626e-26,-2.709232377286453230e-18,4.935489703814455059e-27
6.605196492310704166e-04,9.348985938763003612e-10,1.088269552208504491e-12,1.108737107220703239e-14,4.322316942601950920e-28,-1.343513842053399199e-19,-1.138618742382104255e-27
6.595403381339497856e-04,7.158620293371640793e-09,6.223468777228309698e-13,1.337705101542015414e-14,-1.103697647357480403e-27,-6.079823306560162497e-19,5.211549026602092630e-28
6.541192051950030142e-04,5.633323789205189312e-09,2.604600187367205741e-12,3.019709687874525571e-14,-8.063212004608060951e-27,-1.445986097405831083e-18,2.589210618189119087e-27
6.684060878653335768e-04,2.050373102023972302e-08,1.152054756136009264e-12,1.980627975377218662e-14,-2.669543512422423510e-27,-2.774283248109519910e-18,-1.350832905399527663e-27
6.656921976476569847e-04,1.156320273349687657e-08,7.746513527290896389e-12,1.704729129717553000e-13,-1.952637430473033582e-25,-1.691870528203499743e-17,-1.578591440579935424e-26
6.889541941841808648e-04,2.532532593253592165e-08,5.572408657163196808e-12,2.380765510302863291e-13,-2.741933046058704449e-25,-3.665912391209554985e-17,3.701396852244968158e-27
6.625295622519965059e-04,2.467526080343677383e-09,8.216294554612326907e-12,1.823585899413907461e-13,-1.655665593117635688e-25,-7.129567044782906472e-18,-1.497115890427100250e-25
6.593275220441694199e-04,5.276857232895234901e-09,1.987784243196152157e-12,4.461151921521788075e-14,-4.770614179785422690e-27,-2.596000282340870219e-18,1.239867935174326697e-26
7.313516460628626979e-04,9.380335571185382128e-08,5.008369983414771834e-12,2.586626860217243095e-13,-2.935438456398721487e-25,-7.920173450416158239e-17,2.253418807882010393e-26
6.567712549586245292e-04,1.637193026299789782e-09,7.121816987076345715e-12,6.805477474981921634e-14,-3.024770089687330842e-26,-2.688636618193792581e-18,3.646669052176207920e-26
6.801395177552778479e-04,1.555053000391525146e-08,9.498659197962545282e-12,3.363805207235419942e-13,-5.295466723323683448e-25,-4.156318415614477580e-17,2.848140557002465635e-25
6.832150881333530837e-04,3.109992849865923875e-08,1.134173618181106000e-12,4.492925910485175496e-14,7.263751447763817520e-27,4.010393971178847899e-18,-7.078335927723181870e-27
6.833330431359266322e-04,1.925274755674258592e-08,9.485855682634192509e-12,2.947907700963619462e-13,-1.614379931495969907e-26,-7.767191502271757704e-18,-4.926926297930115568e-25
6.641617020723543808e-04,3.868520680239948889e-09,1.046702838593496414e-12,1.507246511634332071e-14,1.225466277823571554e-27,-1.626414443360206634e-19,-1.443017877304646173e-27
6.794015292155585785e-04,3.298945625546026470e-08,3.798304151505114514e-15,1.460013241875862364e-16,-6.510881999197554198e-32,1.635489757684389825e-20,-8.707469373001971516e-32
6.891330760219755835e-04,3.927887981664938080e-08,6.926982271569347710e-12,2.585895139856936083e-13,-2.463587529353154679e-25,-4.965075710932588349e-17,2.430746707213223583e-25
6.696837727398272230e-04,1.757274987035757837e-08,2.535019440644042034e-13,1.901455699199374894e-14,1.318264459067152935e-27,1.164997409236910236e-18,7.034363900625062141e-29
6.709988274717380635e-04,2.030988206993378305e-08,5.034440367527081838e-12,1.441883155448339369e-13,-1.135122805576062833e-25,-1.859981653546023817e-17,4.697632208424485764e-26
6.910617033767273891e-04,2.712038749106558259e-08,3.287147624422212450e-14,2.201930627506720062e-15,1.531526371294496670e-29,-3.346636412370017439e-19,1.078797765773869654e-29
6.668523626370281582e-04,1.670912014232559895e-08,1.077405414082501761e-14,5.858984222141221603e-17,-2.436490996924298360e-32,-6.191275499791685163e-21,-3.966468748480214201e-32
6.847958842991495095e-04,3.279378676879403624e-08,4.299280584150391249e-12,2.001129394558256665e-13,-1.793768452792883851e-25,-3.622940736639111630e-17,4.771259759667507052e-26
6.647690795563264291e-04,1.042864114638025851e-08,2.752888107900056002e-12,8.751108850531121797e-14,2.267536095465932370e-26,5.159135790642444743e-18,3.647943513752264125e-26
6.852315446653012634e-04,4.451772708029737774e-08,1.300412610277186165e-13,4.760728729643541155e-15,2.584301132240736165e-29,-8.576495581167673138e-19,1.156008394353870604e-28
6.636441743331270536e-04,9.430265914602547209e-10,7.743108972564954281e-13,6.878300547612550006e-15,8.981089435085629111e-29,1.122046994260832961e-19,-4.938722445094881604e-28
6.643171482065172518e-04,1.539047543034440295e-08,2.365075669152267948e-13,6.739152941924132847e-15,-2.459148594889662523e-28,-8.352905727063488179e-19,1.091464545483228639e-28
6.892102803745503957e-04,2.162650949009999787e-08,1.750678873379457785e-12,3.382947437625347498e-14,4.428178836207565992e-27,-5.658165849244927085e-19,6.940445020397028226e-27
6.695330626191579480e-04,1.764572926984689040e-08,4.664291873627864058e-12,5.767096173803668528e-14,4.126531326531962781e-27,-4.933057981778701355e-18,2.962482500166440646e-26
6.600394368162319086e-04,4.538578938812717981e-09,9.709972161560351208e-13,3.833429258375097629e-14,7.344563309813379123e-27,7.111952471245504108e-19,8.697760795255845012e-28
6.583092695544600671e-04,2.453017966968849303e-09,1.746354143785782321e-12,3.198983731724474439e-14,-7.454939823270642098e-27,-1.574164170527231344e-18,1.262498066665443872e-27
6.732532253613764377e-04,1.456993519929036668e-08,2.494634977152854258e-13,1.070910673060057005e-14,-1.219086784880220860e-28,-7.197457912946400079e-19,5.399284620254103611e-28
6.884193225444179423e-04,3.000553217157850156e-08,6.967651359025236876e-12,2.281544580859502804e-13,-2.873262160096534502e-25,-3.883041642808311182e-17,1.395180837433002232e-26
6.879910414773625534e-04,3.513437753365665072e-08,4.692449959743070674e-12,2.039689524187316095e-13,-1.631570279084630536e-25,-3.170875156902869123e-17,-1.148865592630602355e-25
6.877293770569829550e-04,3.802332658846233655e-08,4.170123492784381951e-12,1.782070976091594425e-13,3.232677990924676788e-26,-1.677366994486519975e-17,-1.501853062400653595e-25
6.711582050625988869e-04,3.038254248315000458e-09,3.910810935513245565e-12,1.128950874256481761e-13,-3.481194591159449200e-26,-5.074062789824326148e-18,6.644789893381193365e-26
6.727559025396241243e-04,2.169932080456132963e-08,7.372064533500137438e-14,4.381022232374264579e-15,-4.543242300124948744e-29,-6.047842317886164057e-19,-6.430246765302288230e-29
6.724014496859263964e-04,1.180348044739559868e-08,1.113708339854038769e-11,1.726433642867241402e-13,-2.388343300561130927e-25,-1.793693227145806174e-17,1.633830331363512591e-26
6.603166459877839742e-04,8.365694308716535246e-09,2.836230153474911444e-12,9.834470528644980152e-14,-3.060862980249497009e-26,-7.500782503780167009e-18,-4.196208466754359205e-26
6.630434704891245354e-04,1.597372609125987565e-08,1.915219521473130999e-12,5.623336575227060563e-14,1.769737521669213249e-27,6.151528800311458895e-19,1.836936693795098626e-26
6.813384095808121656e-04,1.479589531603802820e-08,5.852578031041883007e-14,1.285662299873521981e-15,1.089238609405284252e-29,8.263274297910353627e-20,2.393626789959190571e-30
6.565417423768256638e-04,5.387639132949077007e-09,1.847576490751563564e-13,3.529839883188104637e-15,-8.952865823815886828e-29,-2.579967943709192169e-19,-1.050923306081881342e-29
6.982621835624158680e-04,5.077774127566086401e-08,1.594791316960500229e-12,8.365456796463003924e-14,4.071639927855481596e-27,-5.367437919358564130e-18,-3.028279293162161214e-26
6.626237861840245536e-04,8.106675322528831553e-09,2.530057406765529555e-12,4.312907028650919907e-14,-1.423209563434248466e-26,-3.859334305213170342e-18,-6.492862129810913285e-28
6.629270659395795386e-04,7.986768024564674601e-09,4.849853866356997579e-12,8.794077178314468852e-14,-5.723894121719252358e-26,-7.821038813663986459e-18,4.698336165511761035e-27
6.667912545347302270e-04,9.828131935000502607e-09,9.491445961763286010e-14,4.829959197854399551e-15,7.332011242192351162e-29,2.928763750655220863e-19,7.292953636123423010e-29
6.768933760673402720e-04,2.981270335704547538e-08,2.267808965122184770e-12,6.974601360077508192e-14,-2.116981910516669812e-26,-6.191662200261596828e-18,-1.792375036170796337e-26
6.652493919246026078e-04,1.150079778286460284e-08,1.096308644811205705e-12,3.041343303056656809e-14,-2.842594218334684626e-27,-2.776763116572961239e-18,4.770818537915702044e-27
6.584881910783615087e-04,1.135650704002773842e-09,1.723664820435147958e-12,2.777553632134145321e-14,2.245022552987475602e-27,-9.178565254744618015e-20,5.647570293452342978e-27
6.637899998704068719e-04,5.556404625438829023e-09,5.137324223115525227e-12,7.296552528117476049e-14,-4.466405036933202259e-26,5.126409316509145299e-18,8.938547579409077996e-28
7.095424028170209136e-04,3.001033811013368940e-08,3.145302138567666128e-11,9.122229890331261857e-13,-1.341132273939251320e-24,-1.732025686229924724e-17,-4.698678030928227482e-24
6.637351884380069929e-04,8.062912441794610046e-09,5.639106983662237860e-12,1.153057461360961629e-13,-8.557768242847681602e-26,-1.031879232662721858e-17,-3.635139878996808197e-26
6.644401636374313788e-04,1.250276501774592330e-08,2.816330319504715114e-14,6.533067421120339219e-16,6.023597673256850818e-31,-3.977933340518328896e-20,-2.736814225805264749e-30
6.623907855809645431e-04,8.537073095666960694e-09,1.315063921345811804e-12,3.901160246934156566e-14,-8.056635207324847662e-27,-3.401902766338482801e-18,3.628849515210039326e-27
